<?xml version="1.0" encoding="UTF-8"?>
<metadata xml:lang="pt"><Esri><CreaDate>20121214</CreaDate><CreaTime>11114700</CreaTime><ArcGISFormat>1.0</ArcGISFormat><SyncOnce>TRUE</SyncOnce><DataProperties><lineage><Process ToolSource="c:\program files\arcgis\desktop10.1\ArcToolbox\Toolboxes\Data Management Tools.tbx\CalculateField" Date="20121214" Time="111147">CalculateField GRADE_TOPODATA_1_250000 TOPO_URL1 "http://www.dsr.inpe.br/topodata/data/geotiff/" VB #</Process><Process ToolSource="c:\program files\arcgis\desktop10.1\ArcToolbox\Toolboxes\Data Management Tools.tbx\CalculateField" Date="20121214" Time="111308">CalculateField GRADE_TOPODATA_1_250000 TOPO_URL3 "_ZN.zip" VB #</Process><Process ToolSource="c:\program files\arcgis\desktop10.1\ArcToolbox\Toolboxes\Data Management Tools.tbx\CalculateField" Date="20121214" Time="111353">CalculateField GRADE_TOPODATA_1_250000 TOPO_URL2 "[TOPO_URL1]&amp; [TOPO_ID]" VB #</Process><Process ToolSource="c:\program files\arcgis\desktop10.1\ArcToolbox\Toolboxes\Data Management Tools.tbx\CalculateField" Date="20121214" Time="111429">CalculateField GRADE_TOPODATA_1_250000 TOPO_URL "[TOPO_URL2]&amp; [TOPO_URL3]" VB #</Process><Process ToolSource="c:\program files\arcgis\desktop10.1\ArcToolbox\Toolboxes\Data Management Tools.tbx\CalculateField" Date="20121214" Time="114446">CalculateField GRADE_TOPODATA_1_250000 TOPO_ID2 "0" VB #</Process><Process ToolSource="c:\program files\arcgis\desktop10.1\ArcToolbox\Toolboxes\Data Management Tools.tbx\CalculateField" Date="20121214" Time="114534">CalculateField GRADE_TOPODATA_1_250000 TOPO_ID3 "[TOPO_ID2]&amp; [TOPO_ID]" VB #</Process><Process ToolSource="c:\program files\arcgis\desktop10.1\ArcToolbox\Toolboxes\Data Management Tools.tbx\CalculateField" Date="20121214" Time="114704">CalculateField GRADE_TOPODATA_1_250000 TOPO_ID [TOPO_ID3] VB #</Process><Process ToolSource="c:\program files\arcgis\desktop10.1\ArcToolbox\Toolboxes\Data Management Tools.tbx\CalculateField" Date="20121214" Time="114753">CalculateField GRADE_TOPODATA_1_250000 TOPO_URL2 "[TOPO_URL1]&amp; [TOPO_ID]" VB #</Process><Process ToolSource="c:\program files\arcgis\desktop10.1\ArcToolbox\Toolboxes\Data Management Tools.tbx\CalculateField" Date="20121214" Time="114852">CalculateField GRADE_TOPODATA_1_250000 TOPO_URL "[TOPO_URL2]&amp; [TOPO_URL3]" VB #</Process></lineage></DataProperties></Esri></metadata>
